Epoca,Erro medio quadratico
1,0.36442896766904387
2,0.328149335111263
3,0.32495796851826514
4,0.32415627534606894
5,0.3236633393878943
6,0.3232327578334731
7,0.3228181243339744
8,0.322404412667713
9,0.3219826648776707
10,0.3215445962861401
11,0.3210807888330098
12,0.3205796068636729
13,0.3200261184449461
14,0.319400724528785
15,0.3186772747627492
16,0.31782044795012077
17,0.3167822085468365
18,0.315497387291463
19,0.3138792430121729
20,0.3118178883543543
21,0.3091880755594781
22,0.3058755749838548
23,0.3018242393179396
24,0.29708135343329767
25,0.2918003471074683
26,0.28618991421896683
27,0.28045032729965547
28,0.2747381943256977
29,0.2691623162805632
30,0.2637932680320599
31,0.2586740752068783
32,0.2538281618187922
33,0.24926483340004413
34,0.24498324813415684
35,0.24097548415014142
36,0.23722896572286348
37,0.23372835166246256
38,0.2304569501183781
39,0.2273977283138118
40,0.22453399362548873
41,0.22184982201061443
42,0.21933030161154418
43,0.21696164725242834
44,0.21473122880103432
45,0.21262754495207928
46,0.2106401646863199
47,0.2087596515482622
48,0.20697748069355604
49,0.2052859549991735
50,0.2036781240265941
51,0.2021477079599058
52,0.20068902755701304
53,0.19929694046808202
54,0.19796678385895142
55,0.1966943230368008
56,0.1954757056484544
57,0.1943074209664831
58,0.19318626376712011
59,0.1921093023189027
60,0.19107385003029467
61,0.19007744034099242
62,0.18911780448058493
63,0.18819285175699685
64,0.187300652074088
65,0.1864394204120845
66,0.18560750303578785
67,0.1848033652236772
68,0.184025580336159
69,0.18327282006350598
70,0.18254384571370785
71,0.18183750041774965
72,0.18115270214501214
73,0.18048843743477347
74,0.17984375576140474
75,0.17921776446099733
76,0.1786096241560206
77,0.17801854462233535
78,0.17744378104963993
79,0.17688463065231494
80,0.17634042959277396
81,0.1758105501839285
82,0.1752943983412943
83,0.1747914112587117
84,0.17430105528465784
85,0.1738228239787621
86,0.17335623633045277
87,0.17290083512369298
88,0.1724561854335392
89,0.17202187324183618
90,0.1715975041607347
91,0.17118270225394036
92,0.17077710894667622
93,0.1703803820162898
94,0.16999219465627916
95,0.16961223460725103
96,0.16924020334898987
97,0.16887581534839569
98,0.1685187973585778
99,0.16816888776484326
100,0.16782583597374306
101,0.16748940184169886
102,0.1671593551400665
103,0.1668354750537822
104,0.16651754971100594
105,0.16620537574140756
106,0.16589875786095334
107,0.1655975084812449
108,0.1653014473416275
109,0.16501040116244345
110,0.16472420331794163
111,0.1644426935274822
112,0.1641657175637877
113,0.1638931269770932
114,0.1636247788341426
115,0.16336053547106136
116,0.16310026425921248
117,0.16284383738321212
118,0.16259113163034375
119,0.1623420281906695
120,0.16209641246718623
121,0.1618541738954245
122,0.1616152057719324
123,0.1613794050911243
124,0.16114667239001268
125,0.16091691160037624
126,0.1606900299079435
127,0.16046593761820657
128,0.1602445480284993
129,0.1600257773060015
130,0.15980954437135353
131,0.15959577078758286
132,0.15938438065406668
133,0.15917530050527104
134,0.15896845921401842
135,0.15876378789906137
136,0.15856121983674148
137,0.1583606903765338
138,0.15816213686028666
139,0.1579654985449766
140,0.157770716528811
141,0.1575777336805174
142,0.15738649457167073
143,0.1571969454119161
144,0.15700903398695348
145,0.156822709599156
146,0.15663792301070475
147,0.15645462638912372
148,0.15627277325510894
149,0.15609231843255
150,0.15591321800064672
151,0.15573542924802894
152,0.15555891062879376
153,0.15538362172037642
154,0.15520952318317627
155,0.1550365767218639
156,0.15486474504829742
157,0.15469399184598132
158,0.15452428173600202
159,0.15435558024438087
160,0.15418785377078364
161,0.15402106955853245
162,0.1538551956658669
163,0.1536902009384029
164,0.1535260549827408
165,0.15336272814117657
166,0.15320019146747224
167,0.1530384167036429
168,0.15287737625771897
169,0.15271704318244692
170,0.15255739115488853
171,0.15239839445688563
172,0.15224002795635508
173,0.1520822670893804
174,0.15192508784307032
175,0.15176846673915317
176,0.15161238081827744
177,0.15145680762499242
178,0.15130172519337995
179,0.15114711203331258
180,0.15099294711731426
181,0.1508392098679972
182,0.15068588014605352
183,0.1505329382387787
184,0.15038036484910675
185,0.150228141085133
186,0.15007624845010867
187,0.149924668832884
188,0.14977338449878394
189,0.14962237808089635
190,0.14947163257175688
191,0.14932113131541214
192,0.14917085799984436
193,0.14902079664974427
194,0.14887093161961237
195,0.14872124758717936
196,0.14857172954712575
197,0.14842236280508952
198,0.14827313297194836
199,0.1481240259583635
200,0.1479750279695701
201,0.14782612550040589
202,0.14767730533056347
203,0.14752855452005498
204,0.1473798604048802
205,0.14723121059288752
206,0.1470825929598134
207,0.1469339956454982
208,0.14678540705026152
209,0.14663681583143592
210,0.14648821090004277
211,0.1463395814176098
212,0.14619091679311852
213,0.14604220668007542
214,0.1458934409737018
215,0.14574460980823578
216,0.14559570355433915
217,0.14544671281660765
218,0.14529762843117602
219,0.14514844146341763
220,0.14499914320573146
221,0.1448497251754172
222,0.14470017911263153
223,0.14455049697842717
224,0.14440067095287015
225,0.14425069343323638
226,0.1441005570322842
227,0.14395025457660526
228,0.1437997791050504
229,0.14364912386723375
230,0.14349828232211595
231,0.14334724813666347
232,0.14319601518459119
233,0.1430445775451864
234,0.1428929295022167
235,0.14274106554292523
236,0.1425889803571148
237,0.1424366688363242
238,0.14228412607309915
239,0.14213134736036118
240,0.1419783281908777
241,0.14182506425683652
242,0.14167155144952615
243,0.14151778585912844
244,0.14136376377462329
245,0.14120948168381028
246,0.14105493627344953
247,0.1409001244295232
248,0.140745043237623
249,0.14058968998346025
250,0.14043406215350798
251,0.1402781574357681
252,0.1401219737206705
253,0.13996550910210145
254,0.13980876187856348
255,0.13965173055446337
256,0.13949441384153055
257,0.1393368106603615
258,0.1391789201420885
259,0.13902074163017245
260,0.13886227468231177
261,0.13870351907246775
262,0.13854447479299783
263,0.13838514205689484
264,0.13822552130012347
265,0.13806561318404803
266,0.13790541859794497
267,0.13774493866159138
268,0.13758417472791995
269,0.13742312838573278
270,0.13726180146246306
271,0.1371001960269745
272,0.1369383143923871
273,0.13677615911891763
274,0.13661373301672394
275,0.13645103914873846
276,0.13628808083348007
277,0.13612486164782903
278,0.13596138542975386
279,0.13579765628097226
280,0.13563367856953634
281,0.13546945693232368
282,0.13530499627742323
283,0.1351403017863982
284,0.1349753789164121
285,0.13481023340220516
286,0.1346448712579032
287,0.13447929877864626
288,0.134313522542022
289,0.13414754940928952
290,0.13398138652637898
291,0.13381504132465433
292,0.1336485215214239
293,0.1334818351201886
294,0.13331499041061104
295,0.13314799596819693
296,0.1329808606536752
297,0.13281359361206588
298,0.1326462042714252
299,0.13247870234125922
300,0.132311097810593
301,0.13214340094569152
302,0.1319756222874209
303,0.13180777264824356
304,0.13163986310884146
305,0.13147190501436182
306,0.13130390997027863
307,0.13113588983786906
308,0.13096785672929903
309,0.13079982300231632
310,0.13063180125454982
311,0.13046380431741558
312,0.13029584524962692
313,0.13012793733031314
314,0.1299600940517467
315,0.12979232911168279
316,0.12962465640531473
317,0.12945709001685038
318,0.12928964421071468
319,0.12912233342238447
320,0.128955172248865
321,0.12878817543881305
322,0.1286213578823186
323,0.12845473460035298
324,0.12828832073389562
325,0.12812213153274937
326,0.12795618234405748
327,0.12779048860053524
328,0.12762506580842864
329,0.12745992953521676
330,0.1272950953970694
331,0.12713057904607944
332,0.1269663961572819
333,0.12680256241548088
334,0.12663909350189687
335,0.12647600508065646
336,0.12631331278513916
337,0.12615103220420248
338,0.12598917886830163
339,0.12582776823552608
340,0.12566681567756885
341,0.12550633646565207
342,0.12534634575642553
343,0.12518685857785988
344,0.12502788981515497
345,0.12486945419668193
346,0.12471156627998081
347,0.1245542404378332
348,0.12439749084442978
349,0.12424133146165389
350,0.12408577602549846
351,0.123930838032639
352,0.12377653072717988
353,0.12362286708759272
354,0.12346985981386785
355,0.12331752131489311
356,0.12316586369608272
357,0.12301489874726894
358,0.12286463793087683
359,0.12271509237039606
360,0.12256627283916668
361,0.12241818974949452
362,0.12227085314210805
363,0.12212427267597414
364,0.12197845761848279
365,0.12183341683601483
366,0.1216891587849037
367,0.12154569150280228
368,0.12140302260046498
369,0.1212611592539541
370,0.12112010819727906
371,0.12097987571547701
372,0.1208404676381404
373,0.12070188933339798
374,0.12056414570235613
375,0.12042724117400215
376,0.12029117970057476
377,0.12015596475340569
378,0.1200215993192317
379,0.11988808589698101
380,0.11975542649503229
381,0.11962362262894775
382,0.11949267531967851
383,0.11936258509224017
384,0.11923335197485743
385,0.11910497549857259
386,0.11897745469731667
387,0.11885078810843624
388,0.1187249737736731
389,0.11860000924059036
390,0.1184758915644379
391,0.11835261731045238
392,0.11823018255658403
393,0.11810858289664122
394,0.11798781344384739
395,0.11786786883480037
396,0.11774874323382517
397,0.1176304303377119
398,0.11751292338083015
399,0.11739621514060798
400,0.117280297943368
401,0.11716516367050935
402,0.11705080376502511
403,0.11693720923834544
404,0.11682437067749635
405,0.1167122782525612
406,0.11660092172443734
407,0.1164902904528753
408,0.11638037340478935
409,0.11627115916283041
410,0.11616263593420914
411,0.11605479155975944
412,0.11594761352322984
413,0.11584108896079524
414,0.11573520467077578
415,0.11562994712355336
416,0.11552530247167576
417,0.11542125656013778
418,0.11531779493682917
419,0.11521490286314026
420,0.11511256532471355
421,0.11501076704233455
422,0.11490949248294861
423,0.11480872587079839
424,0.1147084511986691
425,0.11460865223923453
426,0.11450931255649499
427,0.1144104155172972
428,0.1143119443029281
429,0.11421388192077458
430,0.11411621121604038
431,0.11401891488351173
432,0.11392197547936408
433,0.11382537543300238
434,0.11372909705892621
435,0.11363312256861308
436,0.11353743408241188
437,0.11344201364143959
438,0.11334684321947357
439,0.11325190473483254
440,0.11315718006223952
441,0.11306265104465918
442,0.11296829950510395
443,0.1128741072584011
444,0.11278005612291471
445,0.11268612793221644
446,0.11259230454669833
447,0.11249856786512111
448,0.112404899836093
449,0.11231128246947092
450,0.11221769784768099
451,0.11212412813694896
452,0.11203055559843746
453,0.11193696259928423
454,0.11184333162353256
455,0.11174964528295253
456,0.11165588632774476
457,0.11156203765712128
458,0.11146808232976034
459,0.11137400357412611
460,0.11127978479865135
461,0.11118540960177595
462,0.11109086178183661
463,0.11099612534680159
464,0.11090118452384705
465,0.11080602376876814
466,0.11071062777522024
467,0.11061498148378592
468,0.1105190700908614
469,0.1104228790573576
470,0.11032639411721148
471,0.11022960128570146
472,0.1101324868675623
473,0.11003503746489472
474,0.10993723998486313
475,0.109839081647178
476,0.1097405499913564
477,0.10964163288375606
478,0.10954231852437774
479,0.10944259545343013
480,0.10934245255765193
481,0.10924187907638706
482,0.1091408646074061
483,0.10903939911246951
484,0.10893747292262662
485,0.10883507674324622
486,0.1087322016587728
487,0.1086288391372025
488,0.1085249810342752
489,0.10842061959737645
490,0.10831574746914477
491,0.10821035769077879
492,0.10810444370504037
493,0.10799799935894903
494,0.10789101890616212
495,0.10778349700903765
496,0.10767542874037561
497,0.10756680958483408
498,0.10745763544001552
499,0.10734790261722171
500,0.10723760784187451
501,0.10712674825359748
502,0.1070153214059595
503,0.10690332526587737
504,0.1067907582126749
505,0.10667761903680027
506,0.10656390693819925
507,0.10644962152434524
508,0.10633476280792725
509,0.10621933120419691
510,0.10610332752797552
511,0.10598675299032523
512,0.10586960919488525
513,0.10575189813387882
514,0.10563362218379456
515,0.10551478410074483
516,0.10539538701550999
517,0.10527543442827285
518,0.105154930203049
519,0.10503387856182256
520,0.10491228407839302
521,0.10479015167194262
522,0.10466748660033327
523,0.1045442944531421
524,0.10442058114444538
525,0.10429635290536234
526,0.10417161627636845
527,0.1040463780993908
528,0.10392064550969575
529,0.10379442592758395
530,0.10366772704990047
531,0.10354055684137818
532,0.10341292352582329
533,0.10328483557715823
534,0.10315630171033556
535,0.10302733087213456
536,0.10289793223185696
537,0.10276811517193334
538,0.10263788927845514
539,0.1025072643316451
540,0.1023762502962819
541,0.10224485731208946
542,0.10211309568410817
543,0.10198097587305748
544,0.10184850848570652
545,0.10171570426526334
546,0.1015825740817964
547,0.10144912892270079
548,0.10131537988322033
549,0.10118133815703857
550,0.10104701502694874
551,0.10091242185561433
552,0.10077757007643064
553,0.10064247118449714
554,0.10050713672771065
555,0.10037157829798876
556,0.10023580752263037
557,0.10009983605582398
558,0.09996367557030998
559,0.09982733774920455
560,0.0996908342779918
561,0.09955417683668985
562,0.099417377092197
563,0.09928044669082435
564,0.09914339725101601
565,0.09900624035626594
566,0.09886898754823034
567,0.09873165032004248
568,0.09859424010982994
569,0.09845676829443965
570,0.09831924618336807
571,0.09818168501290318
572,0.09804409594047508
573,0.0979064900392171
574,0.09776887829273925
575,0.09763127159011065
576,0.09749368072105362
577,0.09735611637134543
578,0.0972185891184291
579,0.09708110942723072
580,0.09694368764618061
581,0.09680633400343787
582,0.09666905860331429
583,0.09653187142289674
584,0.09639478230886339
585,0.09625780097449305
586,0.09612093699686128
587,0.09598419981422349
588,0.09584759872357873
589,0.0957111428784116
590,0.09557484128660862
591,0.09543870280854519
592,0.09530273615533821
593,0.09516694988726165
594,0.09503135241232
595,0.09489595198497608
596,0.09476075670502744
597,0.09462577451663012
598,0.09449101320746156
599,0.09435648040802196
600,0.0942221835910676
601,0.09408813007117212
602,0.09395432700441214
603,0.0938207813881729
604,0.0936875000610693
605,0.09355448970297722
606,0.09342175683517431
607,0.09328930782058117
608,0.09315714886410377
609,0.09302528601306946
610,0.09289372515775533
611,0.09276247203200326
612,0.09263153221391772
613,0.09250091112664542
614,0.09237061403922919
615,0.0922406460675355
616,0.0921110121752509
617,0.09198171717494426
618,0.09185276572919171
619,0.09172416235176063
620,0.09159591140884935
621,0.09146801712038098
622,0.09134048356134647
623,0.09121331466319514
624,0.09108651421526977
625,0.09096008586628349
626,0.0908340331258352
627,0.09070835936596235
628,0.09058306782272724
629,0.09045816159783503
630,0.09033364366028175
631,0.09020951684802869
632,0.09008578386970251
633,0.08996244730631756
634,0.08983950961301987
635,0.0897169731208502
636,0.0895948400385232
637,0.08947311245422383
638,0.0893517923374154
639,0.08923088154066114
640,0.08911038180145575
641,0.0889902947440654
642,0.08887062188137651
643,0.08875136461674826
644,0.08863252424587288
645,0.08851410195863657
646,0.08839609884098357
647,0.08827851587678251
648,0.08816135394969028
649,0.0880446138450165
650,0.08792829625158456
651,0.08781240176359005
652,0.08769693088245487
653,0.0875818840186756
654,0.08746726149366665
655,0.08735306354159598
656,0.08723929031121343
657,0.08712594186767057
658,0.08701301819433159
659,0.08690051919457384
660,0.08678844469357859
661,0.08667679444011038
662,0.08656556810828425
663,0.08645476529932163
664,0.08634438554329278
665,0.08623442830084618
666,0.08612489296492343
667,0.08601577886246137
668,0.08590708525607793
669,0.08579881134574424
670,0.08569095627044
671,0.08558351910979414
672,0.08547649888570819
673,0.0853698945639641
674,0.08526370505581468
675,0.08515792921955677
676,0.08505256586208763
677,0.08494761374044298
678,0.08484307156331747
679,0.08473893799256707
680,0.08463521164469262
681,0.08453189109230602
682,0.08442897486557635
683,0.08432646145365764
684,0.08422434930609823
685,0.08412263683422963
686,0.0840213224125372
687,0.08392040438001144
688,0.08381988104147842
689,0.08371975066891253
690,0.08362001150272791
691,0.08352066175305106
692,0.08342169960097297
693,0.08332312319978227
694,0.0832249306761774
695,0.08312712013145943
696,0.08302968964270528
697,0.08293263726391971
698,0.08283596102716881
699,0.0827396589436924
700,0.08264372900499706
701,0.08254816918392893
702,0.08245297743572669
703,0.08235815169905447
704,0.08226368989701555
705,0.08216958993814528
706,0.0820758497173849
707,0.08198246711703597
708,0.08188944000769434
709,0.08179676624916529
710,0.08170444369135914
711,0.08161247017516705
712,0.08152084353331811
713,0.08142956159121743
714,0.08133862216776425
715,0.08124802307615238
716,0.08115776212465074
717,0.08106783711736604
718,0.08097824585498646
719,0.08088898613550709
720,0.0808000557549371
721,0.08071145250798867
722,0.08062317418874847
723,0.08053521859133021
724,0.08044758351051112
725,0.08036026674234939
726,0.08027326608478538
727,0.08018657933822515
728,0.08010020430610734
729,0.08001413879545301
730,0.07992838061739883
731,0.07984292758771429
732,0.07975777752730215
733,0.07967292826268339
734,0.07958837762646571
735,0.07950412345779688
736,0.07942016360280248
737,0.07933649591500876
738,0.07925311825574964
739,0.07917002849455991
740,0.0790872245095532
741,0.07900470418778545
742,0.07892246542560503
743,0.07884050612898773
744,0.07875882421385969
745,0.07867741760640469
746,0.07859628424336006
747,0.07851542207229854
748,0.07843482905189728
749,0.07835450315219492
750,0.07827444235483576
751,0.07819464465330181
752,0.07811510805313314
753,0.07803583057213598
754,0.07795681024058065
755,0.07787804510138634
756,0.07779953321029699
757,0.07772127263604454
758,0.07764326146050327
759,0.07756549777883194
760,0.07748797969960826
761,0.07741070534495122
762,0.07733367285063499
763,0.07725688036619356
764,0.07718032605501535
765,0.07710400809443
766,0.077027924675785
767,0.07695207400451556
768,0.07687645430020461
769,0.07680106379663582
770,0.07672590074183813
771,0.07665096339812336
772,0.0765762500421154
773,0.07650175896477363
774,0.07642748847140764
775,0.07635343688168685
776,0.07627960252964244
777,0.07620598376366347
778,0.07613257894648655
779,0.07605938645518023
780,0.07598640468112249
781,0.07591363202997368
782,0.07584106692164415
783,0.07576870779025556
784,0.07569655308409882
785,0.07562460126558598
786,0.07555285081119822
787,0.07548130021142914
788,0.07540994797072387
789,0.07533879260741437
790,0.0752678326536504
791,0.07519706665532722
792,0.07512649317200913
793,0.07505611077685086
794,0.07498591805651399
795,0.07491591361108202
796,0.07484609605397133
797,0.07477646401184002
798,0.07470701612449397
799,0.0746377510447903
800,0.07456866743853904
801,0.07449976398440201
802,0.07443103937378992
803,0.07436249231075774
804,0.07429412151189789
805,0.07422592570623256
806,0.07415790363510362
807,0.07409005405206164
808,0.07402237572275372
809,0.07395486742480986
810,0.07388752794772845
811,0.07382035609276089
812,0.07375335067279522
813,0.07368651051223937
814,0.0736198344469033
815,0.07355332132388087
816,0.07348697000143165
817,0.07342077934886164
818,0.07335474824640427
819,0.07328887558510135
820,0.07322316026668339
821,0.0731576012034506
822,0.07309219731815329
823,0.0730269475438731
824,0.07296185082390384
825,0.07289690611163314
826,0.07283211237042425
827,0.07276746857349833
828,0.07270297370381697
829,0.07263862675396558
830,0.07257442672603753
831,0.07251037263151838
832,0.07244646349117152
833,0.0723826983349241
834,0.0723190762017535
835,0.07225559613957587
836,0.07219225720513417
837,0.07212905846388788
838,0.0720659989899038
839,0.07200307786574725
840,0.07194029418237512
841,0.07187764703902924
842,0.07181513554313149
843,0.07175275881017973
844,0.0716905159636448
845,0.07162840613486884
846,0.07156642846296542
847,0.07150458209471958
848,0.0714428661844904
849,0.07138127989411415
850,0.07131982239280901
851,0.07125849285708095
852,0.07119729047063106
853,0.07113621442426418
854,0.0710752639157985
855,0.0710144381499775
856,0.07095373633838205
857,0.07089315769934465
858,0.0708327014578646
859,0.07077236684552524
860,0.07071215310041146
861,0.07065205946702967
862,0.07059208519622862
863,0.07053222954512144
864,0.0704724917770095
865,0.0704128711613075
866,0.07035336697346918
867,0.07029397849491627
868,0.07023470501296647
869,0.07017554582076435
870,0.07011650021721336
871,0.0700575675069085
872,0.06999874700007111
873,0.06994003801248456
874,0.06988143986543151
875,0.06982295188563173
876,0.06976457340518243
877,0.06970630376149892
878,0.06964814229725662
879,0.06959008836033492
880,0.06953214130376184
881,0.06947430048565931
882,0.0694165652691912
883,0.06935893502251096
884,0.06930140911871141
885,0.06924398693577521
886,0.06918666785652683
887,0.06912945126858536
888,0.06907233656431865
889,0.06901532314079835
890,0.0689584103997562
891,0.06890159774754111
892,0.06884488459507788
893,0.06878827035782602
894,0.06873175445574065
895,0.06867533631323355
896,0.06861901535913537
897,0.06856279102665923
898,0.06850666275336476
899,0.0684506299811232
900,0.06839469215608358
901,0.0683388487286396
902,0.06828309915339732
903,0.06822744288914383
904,0.06817187939881696
905,0.06811640814947521
906,0.06806102861226886
907,0.06800574026241227
908,0.06795054257915571
909,0.06789543504575941
910,0.06784041714946722
911,0.06778548838148148
912,0.06773064823693839
913,0.06767589621488439
914,0.06762123181825237
915,0.06756665455383973
916,0.06751216393228592
917,0.06745775946805105
918,0.06740344067939531
919,0.06734920708835862
920,0.06729505822074089
921,0.06724099360608278
922,0.06718701277764695
923,0.06713311527240026
924,0.06707930063099575
925,0.06702556839775548
926,0.06697191812065385
927,0.06691834935130116
928,0.06686486164492761
929,0.06681145456036794
930,0.06675812766004631
931,0.06670488050996137
932,0.06665171267967203
933,0.06659862374228331
934,0.06654561327443276
935,0.06649268085627683
936,0.0664398260714779
937,0.06638704850719158
938,0.06633434775405393
939,0.06628172340616953
940,0.06622917506109925
941,0.06617670231984839
942,0.06612430478685526
943,0.06607198206998022
944,0.06601973378049378
945,0.06596755953306645
946,0.06591545894575751
947,0.06586343164000456
948,0.06581147724061333
949,0.06575959537574705
950,0.06570778567691654
951,0.06565604777897033
952,0.06560438132008463
953,0.06555278594175361
954,0.06550126128877964
955,0.06544980700926399
956,0.06539842275459722
957,0.06534710817944962
958,0.06529586294176198
959,0.06524468670273648
960,0.06519357912682716
961,0.06514253988173105
962,0.0650915686383786
963,0.06504066507092529
964,0.0649898288567416
965,0.06493905967640447
966,0.06488835721368821
967,0.06483772115555508
968,0.06478715119214663
969,0.06473664701677453
970,0.06468620832591096
971,0.06463583481918003
972,0.0645855261993484
973,0.06453528217231626
974,0.06448510244710734
975,0.06443498673586073
976,0.06438493475382082
977,0.06433494621932781
978,0.06428502085380884
979,0.06423515838176806
980,0.06418535853077699
981,0.06413562103146528
982,0.06408594561751053
983,0.06403633202562865
984,0.06398677999556404
985,0.06393728927007979
986,0.06388785959494708
987,0.06383849071893538
988,0.06378918239380241
989,0.0637399343742836
990,0.06369074641808149
991,0.06364161828585543
992,0.06359254974121084
993,0.0635435405506885
994,0.06349459048375375
995,0.06344569931278565
996,0.06339686681306562
997,0.06334809276276639
998,0.06329937694294083
999,0.06325071913751039
1000,0.06320211913325378
1001,0.06315357671979534
1002,0.06310509168959291
1003,0.06305666383792656
1004,0.06300829296288604
1005,0.06295997886535913
1006,0.06291172134901916
1007,0.06286352022031276
1008,0.06281537528844787
1009,0.06276728636538
1010,0.06271925326580083
1011,0.0626712758071246
1012,0.06262335380947548
1013,0.06257548709567445
1014,0.06252767549122627
1015,0.062479918824305807
1016,0.06243221692574527
1017,0.062384569629020115
1018,0.06233697677023564
1019,0.06228943818811345
1020,0.06224195372397717
1021,0.06219452322173885
1022,0.062147146527884486
1023,0.06209982349146024
1024,0.06205255396405792
1025,0.062005337799800525
1026,0.06195817485532798
1027,0.061911064989781855
1028,0.06186400806479146
1029,0.06181700394445838
1030,0.06177005249534188
1031,0.06172315358644363
1032,0.06167630708919281
1033,0.061629512877430466
1034,0.06158277082739448
1035,0.06153608081770406
1036,0.06148944272934415
1037,0.061442856445650014
1038,0.06139632185229122
1039,0.0613498388372558
1040,0.061303407290834847
1041,0.061257027105605884
1042,0.061210698176417284
1043,0.06116442040037207
1044,0.06111819367681132
1045,0.06107201790729841
1046,0.061025892995602064
1047,0.060979818847680424
1048,0.060933795371664226
1049,0.06088782247784037
1050,0.060841900078635255
1051,0.06079602808859767
1052,0.06075020642438269
1053,0.0607044350047343
1054,0.06065871375046858
1055,0.06061304258445702
1056,0.06056742143160918
1057,0.06052185021885567
1058,0.060476328875131206
1059,0.06043085733135742
1060,0.060385435520425225
1061,0.06034006337717824
1062,0.06029474083839479
1063,0.06024946784277123
1064,0.060204244330904
1065,0.06015907024527259
1066,0.06011394553022178
1067,0.06006887013194436
1068,0.06002384399846364
1069,0.05997886707961569
1070,0.05993393932703209
1071,0.05988906069412217
1072,0.05984423113605519
1073,0.05979945060974319
1074,0.05975471907382274
1075,0.05971003648863815
1076,0.05966540281622266
1077,0.05962081802028176
1078,0.05957628206617486
1079,0.05953179492089783
1080,0.05948735655306555
1081,0.05944296693289368
1082,0.05939862603218115
1083,0.05935433382429275
1084,0.059310090284140984
1085,0.05926589538816875
1086,0.05922174911433125
1087,0.05917765144207869
1088,0.05913360235233833
1089,0.05908960182749712
1090,0.05904564985138376
1091,0.059001746409251
1092,0.05895789148775859
1093,0.058914085074954985
1094,0.058870327160260236
1095,0.05882661773444831
1096,0.05878295678962943
1097,0.05873934431923286
1098,0.05869578031798942
1099,0.058652264781913745
1100,0.05860879770828711
1101,0.05856537909563998
1102,0.058522008943734743
1103,0.05847868725354853
1104,0.05843541402725565
1105,0.05839218926821036
1106,0.058349012980930405
1107,0.058305885171078806
1108,0.05826280584544768
1109,0.0582197750119405
1110,0.05817679267955575
1111,0.058133858858369344
1112,0.05809097355951825
1113,0.0580481367951834
1114,0.05800534857857295
1115,0.05796260892390532
1116,0.057919917846393006
1117,0.05787727536222558
1118,0.057834681488552975
1119,0.05779213624346955
1120,0.05774963964599707
1121,0.05770719171606863
1122,0.05766479247451232
1123,0.05762244194303477
1124,0.05758014014420522
1125,0.05753788710143907
1126,0.057495682838982286
1127,0.05745352738189484
1128,0.05741142075603544
1129,0.057369362988045014
1130,0.05732735410533133
1131,0.05728539413605324
1132,0.05724348310910501
1133,0.057201621054100774
1134,0.05715980800135893
1135,0.057118043981886885
1136,0.05707632902736593
1137,0.05703466317013526
1138,0.05699304644317773
1139,0.05695147888010417
1140,0.05690996051513838
1141,0.05686849138310248
1142,0.05682707151940186
1143,0.056785700960010566
1144,0.05674437974145623
1145,0.056703107900806106
1146,0.056661885475652075
1147,0.056620712504096254
1148,0.056579589024736796
1149,0.05653851507665378
1150,0.05649749069939452
1151,0.056456515932959986
1152,0.05641559081779064
1153,0.05637471539475257
1154,0.05633388970512344
1155,0.05629311379057917
1156,0.05625238769317995
1157,0.05621171145535688
1158,0.05617108511989861
1159,0.05613050872993749
1160,0.05608998232893702
1161,0.05604950596067799
1162,0.056009079669246044
1163,0.05596870349901816
1164,0.05592837749464981
1165,0.055888101701062703
1166,0.05584787616343139
1167,0.055807700927170974
1168,0.05576757603792458
1169,0.05572750154155105
1170,0.05568747748411223
1171,0.05564750391186121
1172,0.05560758087122984
1173,0.05556770840881707
1174,0.055527886571376396
1175,0.0554881154058046
1176,0.05544839495912976
1177,0.05540872527849964
1178,0.0553691064111701
1179,0.05532953840449353
1180,0.05529002130590796
1181,0.055250555162925236
1182,0.05521114002312012
1183,0.05517177593411915
1184,0.05513246294358984
1185,0.05509320109922965
1186,0.055053990448755113
1187,0.055014831039891715
1188,0.054975722920362236
1189,0.05493666613787767
1190,0.05489766074012585
1191,0.05485870677476115
1192,0.054819804289395105
1193,0.054780953331585426
1194,0.05474215394882683
1195,0.05470340618854035
1196,0.05466471009806426
1197,0.05462606572464382
1198,0.054587473115422155
1199,0.05454893231743047
1200,0.054510443377578544
1201,0.05447200634264597
1202,0.05443362125927245
1203,0.05439528817394875
1204,0.05435700713300804
1205,0.054318778182616455
1206,0.05428060136876497
1207,0.054242476737259904
1208,0.05420440433371496
1209,0.054166384203542355
1210,0.05412841639194463
1211,0.054090500943906
1212,0.05405263790418447
1213,0.054014827317303636
1214,0.05397706922754438
1215,0.05393936367893726
1216,0.053901710715254535
1217,0.05386411038000247
1218,0.05382656271641354
1219,0.05378906776743906
1220,0.05375162557574155
1221,0.053714236183687744
1222,0.05367689963334061
1223,0.05363961596645302
1224,0.05360238522445982
1225,0.05356520744847166
1226,0.053528082679267563
1227,0.05349101095728821
1228,0.05345399232262944
1229,0.05341702681503544
1230,0.053380114473891994
1231,0.05334325533822098
1232,0.05330644944667264
1233,0.05326969683752051
1234,0.053232997548654695
1235,0.05319635161757612
1236,0.05315975908139001
1237,0.05312321997680084
1238,0.053086734340105544
1239,0.05305030220718877
1240,0.053013923613516666
1241,0.0529775985941315
1242,0.05294132718364625
1243,0.05290510941623924
1244,0.05286894532564897
1245,0.052832834945168806
1246,0.05279677830764201
1247,0.05276077544545665
1248,0.052724826390540595
1249,0.05268893117435711
1250,0.0526530898278997
1251,0.05261730238168751
1252,0.05258156886576101
1253,0.05254588930967708
1254,0.052510263742505205
1255,0.05247469219282258
1256,0.05243917468871026
1257,0.052403711257748814
1258,0.052368301927014325
1259,0.05233294672307459
1260,0.05229764567198479
1261,0.05226239879928412
1262,0.052227206129991904
1263,0.052192067688603815
1264,0.0521569834990883
1265,0.052121953584883425
1266,0.05208697796889305
1267,0.05205205667348377
1268,0.05201718972048142
1269,0.05198237713116814
1270,0.05194761892627916
1271,0.051912915125999895
1272,0.051878265749962835
1273,0.05184367081724455
1274,0.05180913034636342
1275,0.05177464435527652
1276,0.051740212861376894
1277,0.05170583588149135
1278,0.05167151343187771
1279,0.051637245528222554
1280,0.051603032185638845
1281,0.0515688734186632
1282,0.051534769241254795
1283,0.05150071966679205
1284,0.051466724708071315
1285,0.051432784377304724
1286,0.051398898686117994
1287,0.05136506764554933
1288,0.05133129126604663
1289,0.05129756955746674
1290,0.05126390252907324
1291,0.051230290189535094
1292,0.051196732546925194
1293,0.051163229608718774
1294,0.051129781381792354
1295,0.05109638787242225
1296,0.05106304908628316
1297,0.051029765028447506
1298,0.05099653570338393
1299,0.0509633611149563
1300,0.050930241266423204
1301,0.05089717616043654
1302,0.050864165799040885
1303,0.05083121018367266
1304,0.05079830931515947
1305,0.05076546319371978
1306,0.0507326718189615
1307,0.05069993518988239
1308,0.05066725330486915
1309,0.05063462616169711
1310,0.05060205375752975
1311,0.05056953608891851
1312,0.050537073151802794
1313,0.05050466494150946
1314,0.050472311452753105
1315,0.05044001267963538
1316,0.05040776861564584
1317,0.050375579253661325
1318,0.050343444585946494
1319,0.050311364604153745
1320,0.05027933929932355
1321,0.05024736866188481
1322,0.050215452681655316
1323,0.05018359134784163
1324,0.05015178464903999
1325,0.05012003257323696
1326,0.05008833510780939
1327,0.05005669223952551
1328,0.05002510395454545
1329,0.049993570238421596
1330,0.049962091076100106
1331,0.04993066645192119
1332,0.04989929634961998
1333,0.04986798075232738
1334,0.04983671964257149
1335,0.04980551300227779
1336,0.049774360812771194
1337,0.04974326305477616
1338,0.04971221970841851
1339,0.04968123075322633
1340,0.04965029616813112
1341,0.049619415931469416
1342,0.04958859002098359
1343,0.049557818413823715
1344,0.04952710108654875
1345,0.04949643801512785
1346,0.049465829174942105
1347,0.04943527454078596
1348,0.04940477408686861
1349,0.04937432778681591
1350,0.04934393561367187
1351,0.04931359753990036
1352,0.049283313537386846
1353,0.04925308357744018
1354,0.04922290763079419
1355,0.04919278566760991
1356,0.04916271765747718
1357,0.049132703569416555
1358,0.04910274337188148
1359,0.04907283703276005
1360,0.049042984519377116
1361,0.04901318579849631
1362,0.04898344083632212
1363,0.048953749598502176
1364,0.048924112050129226
1365,0.04889452815574333
1366,0.04886499787933421
1367,0.04883552118434338
1368,0.04880609803366638
1369,0.0487767283896554
1370,0.048747412214121155
1371,0.04871814946833563
1372,0.04868894011303437
1373,0.04865978410841884
1374,0.048630681414159056
1375,0.04860163198939589
1376,0.04857263579274354
1377,0.048543692782292445
1378,0.048514802915611256
1379,0.04848596614975005
1380,0.048457182441242426
1381,0.04842845174610876
1382,0.04839977401985807
1383,0.048371149217491305
1384,0.04834257729350405
1385,0.04831405820188878
1386,0.04828559189613808
1387,0.048257178329247474
1388,0.048228817453717814
1389,0.048200509221558475
1390,0.04817225358428993
1391,0.04814405049294675
1392,0.048115899898080725
1393,0.04808780174976325
1394,0.04805975599758868
1395,0.048031762590677145
1396,0.048003821477677386
1397,0.04797593260677001
1398,0.04794809592567012
1399,0.047920311381630644
1400,0.04789257892144528
1401,0.04786489849145126
1402,0.0478372700375331
1403,0.04780969350512489
1404,0.047782168839213726
1405,0.04775469598434307
1406,0.047727274884615506
1407,0.04769990548369571
1408,0.04767258772481417
1409,0.04764532155077011
1410,0.04761810690393426
1411,0.04759094372625261
1412,0.04756383195924933
1413,0.04753677154403
1414,0.04750976242128484
1415,0.04748280453129179
1416,0.04745589781392
1417,0.047429042208633046
1418,0.0474022376544919
1419,0.04737548409015853
1420,0.04734878145389897
1421,0.04732212968358659
1422,0.04729552871670539
1423,0.0472689784903537
1424,0.04724247894124664
1425,0.04721603000572024
1426,0.04718963161973433
1427,0.047163283718875876
1428,0.04713698623836254
1429,0.047110739113045565
1430,0.04708454227741368
1431,0.04705839566559595
1432,0.04703229921136546
1433,0.04700625284814239
1434,0.04698025650899754
1435,0.04695431012665561
1436,0.04692841363349849
1437,0.04690256696156876
1438,0.046876770042573
1439,0.04685102280788512
1440,0.0468253251885496
1441,0.046799677115285
1442,0.046774078518487555
1443,0.04674852932823394
1444,0.04672302947428531
1445,0.04669757888608996
1446,0.04667217749278722
1447,0.04664682522321068
1448,0.046621522005891564
1449,0.04659626776906172
1450,0.046571062440657694
1451,0.046545905948323446
1452,0.046520798219413975
1453,0.0464957391809985
1454,0.046470728759864396
1455,0.04644576688251954
1456,0.04642085347519634
1457,0.046395988463855134
1458,0.046371171774186926
1459,0.0463464033316176
1460,0.04632168306131024
1461,0.04629701088816913
1462,0.04627238673684284
1463,0.04624781053172758
1464,0.04622328219697066
1465,0.04619880165647347
1466,0.046174368833894745
1467,0.046149983652654346
1468,0.04612564603593595
1469,0.046101355906690636
1470,0.04607711318764034
1471,0.046052917801280624
1472,0.04602876966988412
1473,0.04600466871550387
1474,0.045980614859976655
1475,0.04595660802492607
1476,0.04593264813176544
1477,0.04590873510170167
1478,0.04588486885573806
1479,0.045861049314677355
1480,0.04583727639912523
1481,0.04581355002949345
1482,0.04578987012600282
1483,0.045766236608686395
1484,0.045742649397392844
1485,0.04571910841178941
1486,0.045695613571364854
1487,0.04567216479543299
1488,0.04564876200313551
1489,0.04562540511344513
1490,0.04560209404516862
1491,0.045578828716949946
1492,0.04555560904727327
1493,0.04553243495446614
1494,0.045509306356702264
1495,0.045486223172004916
1496,0.0454631853182496
1497,0.04544019271316711
1498,0.0454172452743468
1499,0.04539434291923913
1500,0.045371485565158985
1501,0.045348673129288516
1502,0.04532590552867994
1503,0.04530318268025875
1504,0.04528050450082637
1505,0.045257870907063055
1506,0.04523528181553118
1507,0.04521273714267745
1508,0.045190236804836297
1509,0.045167780718232596
1510,0.0451453687989844
1511,0.04512300096310583
1512,0.045100677126509954
1513,0.045078397205011306
1514,0.04505616111432896
1515,0.04503396877008927
1516,0.04501182008782832
1517,0.04498971498299526
1518,0.04496765337095437
1519,0.04494563516698806
1520,0.044923660286299606
1521,0.04490172864401587
1522,0.04487984015518971
1523,0.044857994734802925
1524,0.04483619229776858
1525,0.04481443275893398
1526,0.04479271603308329
1527,0.04477104203493929
1528,0.04474941067916727
1529,0.044727821880376446
1530,0.04470627555312329
1531,0.04468477161191347
1532,0.04466330997120493
1533,0.04464189054540982
1534,0.04462051324889741
1535,0.04459917799599648
1536,0.04457788470099736
1537,0.04455663327815507
1538,0.044535423641691184
1539,0.044514255705796466
1540,0.04449312938463308
1541,0.04447204459233738
1542,0.044451001243021815
1543,0.044429999250777404
1544,0.044409038529676106
1545,0.04438811899377324
1546,0.04436724055710957
1547,0.04434640313371385
1548,0.044325606637604785
1549,0.04430485098279329
1550,0.04428413608328518
1551,0.044263461853082636
1552,0.0442428282061871
1553,0.04422223505660123
1554,0.04420168231833086
1555,0.044181169905387195
1556,0.04416069773178944
1557,0.04414026571156609
1558,0.04411987375875797
1559,0.04409952178741938
1560,0.04407920971162086
1561,0.04405893744545103
1562,0.04403870490301846
1563,0.044018511998453885
1564,0.04399835864591229
1565,0.043978244759574715
1566,0.043958170253650335
1567,0.04393813504237818
1568,0.043918139040029405
1569,0.043898182160909266
1570,0.04387826431935879
1571,0.04385838542975638
1572,0.04383854540652053
1573,0.04381874416411101
1574,0.04379898161703091
1575,0.04377925767982854
1576,0.043759572267099145
1577,0.04373992529348668
1578,0.043720316673685804
1579,0.04370074632244335
1580,0.04368121415456047
1581,0.04366172008489396
1582,0.04364226402835835
1583,0.04362284589992715
1584,0.043603465614634906
1585,0.04358412308757909
1586,0.04356481823392104
1587,0.043545550968888236
1588,0.04352632120777573
1589,0.04350712886594767
1590,0.043487973858839006
1591,0.04346885610195718
1592,0.04344977551088328
1593,0.043430732001274126
1594,0.04341172548886349
1595,0.04339275588946347
1596,0.04337382311896654
1597,0.04335492709334638
1598,0.0433360677286601
1599,0.043317244941048966
1600,0.043298458646740194
1601,0.04327970876204857
1602,0.043260995203377395
1603,0.04324231788722034
1604,0.04322367673016265
1605,0.04320507164888234
1606,0.043186502560151885
1607,0.04316796938083949
1608,0.04314947202791007
1609,0.04313101041842705
1610,0.04311258446955329
1611,0.0430941940985528
1612,0.04307583922279155
1613,0.043057519759738955
1614,0.04303923562696898
1615,0.04302098674216191
1616,0.0430027730231045
1617,0.04298459438769242
1618,0.04296645075393044
1619,0.04294834203993426
1620,0.042930268163931314
1621,0.04291222904426189
1622,0.04289422459938069
1623,0.04287625474785748
1624,0.04285831940837829
1625,0.04284041849974681
1626,0.0428225519408851
1627,0.042804719650834905
1628,0.04278692154875847
1629,0.04276915755393987
1630,0.04275142758578572
1631,0.04273373156382664
1632,0.04271606940771772
1633,0.042698441037239784
1634,0.04268084637230065
1635,0.042663285332935334
1636,0.042645757839307796
1637,0.04262826381171131
1638,0.04261080317056961
1639,0.042593375836438206
1640,0.04257598173000431
1641,0.04255862077208869
1642,0.042541292883646005
1643,0.04252399798576575
1644,0.042506735999673355
1645,0.0424895068467308
1646,0.04247231044843727
1647,0.04245514672643037
1648,0.042438015602486674
1649,0.04242091699852264
1650,0.04240385083659523
1651,0.04238681703890296
1652,0.042369815527786035
1653,0.04235284622572796
1654,0.042335909055355885
1655,0.042319003939440734
1656,0.04230213080089912
1657,0.04228528956279296
1658,0.042268480148330755
1659,0.042251702480867896
1660,0.042234956483907835
1661,0.0422182420811022
1662,0.04220155919625183
1663,0.042184907753307084
1664,0.04216828767636868
1665,0.04215169888968837
1666,0.04213514131766938
1667,0.04211861488486688
1668,0.042102119515989
1669,0.04208565513589689
1670,0.04206922166960555
1671,0.04205281904228448
1672,0.04203644717925792
1673,0.04202010600600575
1674,0.042003795448163544
1675,0.04198751543152331
1676,0.04197126588203434
1677,0.041955046725803156
1678,0.04193885788909401
1679,0.04192269929832997
1680,0.041906570880092614
1681,0.04189047256112295
1682,0.0418744042683214
1683,0.04185836592874915
1684,0.04184235746962748
1685,0.04182637881833884
1686,0.04181042990242719
1687,0.04179451064959808
1688,0.04177862098771931
1689,0.04176276084482126
1690,0.04174693014909708
1691,0.04173112882890352
1692,0.041715356812760535
1693,0.04169961402935241
1694,0.041683900407527466
1695,0.04166821587629873
1696,0.041652560364844084
1697,0.04163693380250692
1698,0.04162133611879588
1699,0.041605767243385404
1700,0.04159022710611627
1701,0.041574715636995475
1702,0.04155923276619655
1703,0.041543778424060124
1704,0.04152835254109386
1705,0.04151295504797281
1706,0.04149758587553967
1707,0.04148224495480488
1708,0.04146693221694697
1709,0.04145164759331285
1710,0.0414363910154176
1711,0.0414211624149453
1712,0.04140596172374866
1713,0.04139078887384951
1714,0.04137564379743864
1715,0.041360526426876536
1716,0.041345436694692886
1717,0.04133037453358726
1718,0.04131533987642886
1719,0.041300332656256926
1720,0.041285352806280706
1721,0.04127040025987968
1722,0.04125547495060363
1723,0.041240576812172726
1724,0.0412257057784775
1725,0.041210861783579356
1726,0.04119604476171019
1727,0.04118125464727265
1728,0.041166491374840276
1729,0.04115175487915761
1730,0.04113704509513997
1731,0.041122361957873874
1732,0.0411077054026168
1733,0.04109307536479737
1734,0.041078471780015426
1735,0.04106389458404184
1736,0.041049343712818806
1737,0.041034819102459597
1738,0.04102032068924905
1739,0.04100584840964285
1740,0.040991402200268055
1741,0.040976981997923025
1742,0.0409625877395774
1743,0.040948219362371724
1744,0.040933876803618
1745,0.040919560000799216
1746,0.040905268891569695
1747,0.04089100341375452
1748,0.04087676350535015
1749,0.040862549104523714
1750,0.04084836014961348
1751,0.040834196579128464
1752,0.04082005833174862
1753,0.04080594534632445
1754,0.0407918575618772
1755,0.04077779491759852
1756,0.04076375735285101
1757,0.04074974480716702
1758,0.04073575722024972
1759,0.04072179453197215
1760,0.0407078566823776
1761,0.04069394361167941
1762,0.04068005526026043
1763,0.04066619156867356
1764,0.04065235247764132
1765,0.04063853792805546
1766,0.04062474786097755
1767,0.040610982217637766
1768,0.04059724093943568
1769,0.04058352396793994
1770,0.04056983124488768
1771,0.04055616271218465
1772,0.04054251831190526
1773,0.04052889798629218
1774,0.04051530167775593
1775,0.040501729328875316
1776,0.04048818088239668
1777,0.040474656281234145
1778,0.04046115546846905
1779,0.040447678387350056
1780,0.04043422498129278
1781,0.04042079519387978
1782,0.040407388968860224
1783,0.040394006250149536
1784,0.040380646981829554
1785,0.040367311108147876
1786,0.04035399857351825
1787,0.04034070932251965
1788,0.04032744329989654
1789,0.0403142004505586
1790,0.0403009807195802
1791,0.04028778405220053
1792,0.04027461039382315
1793,0.04026145969001571
1794,0.04024833188650987
1795,0.0402352269292012
1796,0.040222144764148315
1797,0.04020908533757328
1798,0.04019604859586109
1799,0.04018303448555925
1800,0.04017004295337797
1801,0.040157073946189115
1802,0.04014412741102709
1803,0.04013120329508742
1804,0.04011830154572712
1805,0.04010542211046434
1806,0.04009256493697776
1807,0.04007972997310698
1808,0.04006691716685149
1809,0.040054126466370736
1810,0.04004135781998382
1811,0.0400286111761694
1812,0.04001588648356487
1813,0.04000318369096649
1814,0.03999050274732897
1815,0.03997784360176522
1816,0.03996520620354594
1817,0.039952590502099275
1818,0.03993999644701077
1819,0.039927423988022584
1820,0.03991487307503384
1821,0.039902343658099616
1822,0.039889835687431034
1823,0.03987734911339492
1824,0.03986488388651331
1825,0.03985243995746329
1826,0.039840017277076506
1827,0.03982761579633895
1828,0.03981523546639051
1829,0.039802876238524826
1830,0.03979053806418889
1831,0.03977822089498241
1832,0.03976592468265795
1833,0.03975364937912039
1834,0.03974139493642623
1835,0.039729161306783875
1836,0.039716948442552684
1837,0.03970475629624326
1838,0.03969258482051642
1839,0.03968043396818318
1840,0.039668303692204594
1841,0.03965619394569103
1842,0.03964410468190173
1843,0.039632035854245115
1844,0.03961998741627758
1845,0.039607959321703745
1846,0.03959595152437582
1847,0.039583963978293495
1848,0.03957199663760293
1849,0.039560049456597045
1850,0.03954812238971497
1851,0.039536215391541486
1852,0.039524328416806906
1853,0.03951246142038644
1854,0.039500614357300054
1855,0.03948878718271191
1856,0.039476979851930126
1857,0.039465192320406225
1858,0.03945342454373501
1859,0.039441676477653856
1860,0.03942994807804261
1861,0.03941823930092298
1862,0.03940655010245828
1863,0.03939488043895301
1864,0.03938323026685252
1865,0.03937159954274246
1866,0.039359988223348505
1867,0.039348396265536
1868,0.039336823626309435
1869,0.03932527026281231
1870,0.0393137361323262
1871,0.039302221192270954
1872,0.03929072540020396
1873,0.039279248713819895
1874,0.03926779109095031
1875,0.039256352489562905
1876,0.03924493286776166
1877,0.039233532183786106
1878,0.03922215039601091
1879,0.03921078746294562
1880,0.03919944334323409
1881,0.039188117995654324
1882,0.03917681137911769
1883,0.03916552345266893
1884,0.03915425417548551
1885,0.03914300350687717
1886,0.03913177140628559
1887,0.039120557833284074
1888,0.0391093627475771
1889,0.03909818610899956
1890,0.039087027877516896
1891,0.03907588801322456
1892,0.03906476647634712
1893,0.039053663227238494
1894,0.03904257822638098
1895,0.03903151143438544
1896,0.03902046281199012
1897,0.039009432320061085
1898,0.03899841991959098
1899,0.038987425571699416
1900,0.03897644923763181
1901,0.03896549087875955
1902,0.038954550456579126
1903,0.03894362793271201
1904,0.038932723268904165
1905,0.038921836427025666
1906,0.03891096736907002
1907,0.038900116057154134
1908,0.038889282453517665
1909,0.03887846652052253
1910,0.038867668220652796
1911,0.03885688751651382
1912,0.03884612437083225
1913,0.03883537874645541
1914,0.03882465060635093
1915,0.03881393991360613
1916,0.03880324663142779
1917,0.03879257072314189
1918,0.03878191215219277
1919,0.03877127088214315
1920,0.03876064687667326
1921,0.03875004009958081
1922,0.038739450514780456
1923,0.03872887808630308
1924,0.038718322778295976
1925,0.03870778455502176
1926,0.03869726338085849
1927,0.038686759220298884
1928,0.0386762720379501
1929,0.038665801798533246
1930,0.03865534846688296
1931,0.038644912007947
1932,0.038634492386785735
1933,0.03862408956857189
1934,0.03861370351859006
1935,0.03860333420223621
1936,0.03859298158501747
1937,0.038582645632551316
1938,0.038572326310565626
1939,0.038562023584897805
1940,0.03855173742149481
1941,0.03854146778641245
1942,0.03853121464581497
1943,0.038520977965974784
1944,0.03851075771327194
1945,0.03850055385419364
1946,0.03849036635533414
1947,0.03848019518339389
1948,0.03847004030517933
1949,0.03845990168760279
1950,0.03844977929768129
1951,0.038439673102537056
1952,0.038429583069396415
1953,0.03841950916558961
1954,0.03840945135855055
1955,0.03839940961581602
1956,0.03838938390502558
1957,0.03837937419392116
1958,0.03836938045034647
1959,0.038359402642246625
1960,0.038349440737667766
1961,0.038339494704756776
1962,0.038329564511760714
1963,0.03831965012702638
1964,0.03830975151899994
1965,0.03829986865622676
1966,0.038290001507350485
1967,0.03828015004111323
1968,0.03827031422635476
1969,0.038260494032012066
1970,0.03825068942711925
1971,0.038240900380806984
1972,0.03823112686230202
1973,0.038221368840926945
1974,0.038211626286099476
1975,0.038201899167332506
1976,0.03819218745423331
1977,0.038182491116503445
1978,0.03817281012393797
1979,0.038163144446425656
1980,0.038153494053947766
1981,0.038143858916578476
1982,0.038134239004483796
1983,0.038124634287921795
1984,0.03811504473724165
1985,0.03810547032288378
1986,0.038095911015378715
1987,0.03808636678534755
1988,0.038076837603500995
1989,0.038067323440639365
1990,0.03805782426765152
1991,0.038048340055515294
1992,0.03803887077529664
1993,0.03802941639814934
1994,0.03801997689531445
1995,0.03801055223812046
1996,0.03800114239798208
1997,0.03799174734640052
1998,0.03798236705496307
1999,0.03797300149534217
2000,0.03796365063929565
2001,0.037954314458665844
2002,0.037944992925379666
2003,0.03793568601144801
2004,0.03792639368896529
2005,0.037917115930109185
2006,0.037907852707140276
2007,0.03789860399240143
2008,0.037889369758317824
2009,0.03788014997739633
2010,0.037870944622224956
2011,0.0378617536654731
2012,0.03785257707989034
2013,0.03784341483830678
2014,0.037834266913632314
2015,0.037825133278856206
2016,0.03781601390704711
2017,0.037806908771352184
2018,0.03779781784499714
2019,0.0377887411012858
2020,0.037779678513599396
2021,0.037770630055396624
2022,0.03776159570021318
2023,0.03775257542166125
2024,0.037743569193429395
2025,0.03773457698928178
2026,0.037725598783058374
2027,0.03771663454867401
2028,0.037707684260118626
2029,0.037698747891456295
2030,0.03768982541682557
2031,0.03768091681043839
2032,0.03767202204658022
2033,0.037663141099609526
2034,0.03765427394395759
2035,0.0376454205541278
2036,0.037636580904695766
2037,0.037627754970308666
2038,0.037618942725684924
2039,0.037610144145614074
2040,0.03760135920495609
2041,0.037592587878641476
2042,0.0375838301416703
2043,0.03757508596911259
2044,0.03756635533610743
2045,0.03755763821786295
2046,0.03754893458965575
2047,0.037540244426830766
2048,0.03753156770480088
2049,0.03752290439904641
2050,0.037514254485115146
2051,0.03750561793862169
2052,0.03749699473524733
2053,0.0374883848507394
2054,0.03747978826091147
2055,0.03747120494164254
2056,0.03746263486887695
2057,0.0374540780186242
2058,0.037445534366958126
2059,0.03743700389001714
2060,0.03742848656400353
2061,0.03741998236518339
2062,0.037411491269886105
2063,0.037403013254504236
2064,0.03739454829549292
2065,0.037386096369369785
2066,0.03737765745271475
2067,0.03736923152216938
2068,0.03736081855443679
2069,0.03735241852628125
2070,0.037344031414528085
2071,0.03733565719606289
2072,0.03732729584783199
2073,0.03731894734684117
2074,0.03731061167015624
2075,0.0373022887949022
2076,0.03729397869826325
2077,0.037285681357482406
2078,0.03727739674986089
2079,0.03726912485275847
2080,0.03726086564359239
2081,0.03725261909983795
2082,0.03724438519902722
2083,0.03723616391874983
2084,0.03722795523665165
2085,0.037219759130435175
2086,0.03721157557785913
2087,0.03720340455673799
2088,0.03719524604494183
2089,0.037187100020395956
2090,0.0371789664610807
2091,0.03717084534503118
2092,0.0371627366503368
2093,0.03715464035514137
2094,0.03714655643764231
2095,0.03713848487609082
2096,0.037130425648791494
2097,0.03712237873410171
2098,0.03711434411043192
2099,0.037106321756244925
2100,0.03709831165005572
2101,0.03709031377043164
2102,0.03708232809599123
2103,0.037074354605404765
2104,0.03706639327739368
2105,0.037058444090730204
2106,0.03705050702423746
2107,0.03704258205678861
2108,0.03703466916730727
2109,0.03702676833476661
2110,0.03701887953818973
2111,0.037011002756648835
2112,0.03700313796926555
2113,0.03699528515520986
2114,0.03698744429370076
2115,0.036979615364005326
2116,0.03697179834543889
2117,0.03696399321736472
2118,0.03695619995919336
2119,0.03694841855038293
2120,0.03694064897043861
2121,0.036932891198912486
2122,0.036925145215403056
2123,0.036917410999555526
2124,0.03690968853106092
2125,0.03690197778965642
2126,0.03689427875512465
2127,0.03688659140729375
2128,0.03687891572603718
2129,0.03687125169127298
2130,0.03686359928296431
2131,0.036855958481118604
2132,0.03684832926578769
2133,0.03684071161706731
2134,0.03683310551509698
2135,0.03682551094005982
2136,0.03681792787218247
2137,0.0368103562917345
2138,0.036802796179028346
2139,0.03679524751441927
2140,0.036787710278305
2141,0.03678018445112543
2142,0.03677267001336251
2143,0.0367651669455399
2144,0.03675767522822306
2145,0.03675019484201848
2146,0.03674272576757427
2147,0.03673526798557906
2148,0.036727821476762554
2149,0.03672038622189477
2150,0.036712962201786124
2151,0.03670554939728716
2152,0.03669814778928839
2153,0.03669075735871983
2154,0.0366833780865512
2155,0.03667600995379137
2156,0.036668652941488376
2157,0.03666130703072927
2158,0.03665397220263963
2159,0.03664664843838355
2160,0.03663933571916347
2161,0.036632034026220006
2162,0.03662474334083153
2163,0.03661746364431426
2164,0.036610194918021914
2165,0.036602937143345525
2166,0.03659569030171338
2167,0.03658845437459059
2168,0.036581229343479016
2169,0.03657401518991723
2170,0.036566811895480306
2171,0.0365596194417792
2172,0.03655243781046123
2173,0.03654526698320939
2174,0.036538106941742435
2175,0.03653095766781454
2176,0.03652381914321524
2177,0.03651669134976933
2178,0.03650957426933634
2179,0.036502467883810785
2180,0.03649537217512167
2181,0.03648828712523259
2182,0.03648121271614121
2183,0.03647414892987952
2184,0.03646709574851329
2185,0.03646005315414213
2186,0.036453021128899296
2187,0.036445999654951294
2188,0.03643898871449826
2189,0.03643198828977304
2190,0.036424998363041534
2191,0.03641801891660267
2192,0.03641104993278767
2193,0.03640409139396046
2194,0.0363971432825172
2195,0.03639020558088614
2196,0.036383278271527555
2197,0.036376361336933664
2198,0.036369454759628154
2199,0.0363625585221666
2200,0.03635567260713558
2201,0.0363487969971531
2202,0.036341931674868176
2203,0.03633507662296085
2204,0.03632823182414186
2205,0.036321397261152695
2206,0.03631457291676524
2207,0.036307758773781666
2208,0.03630095481503468
2209,0.03629416102338653
2210,0.036287377381729914
2211,0.036280603872986955
2212,0.03627384048010955
2213,0.036267087186079155
2214,0.036260343973906484
2215,0.03625361082663159
2216,0.03624688772732356
2217,0.03624017465908052
2218,0.036233471605029356
2219,0.036226778548325685
2220,0.036220095472153574
2221,0.03621342235972573
2222,0.0362067591942831
2223,0.036200105959094696
2224,0.03619346263745769
2225,0.03618682921269725
2226,0.0361802056681662
2227,0.03617359198724522
2228,0.03616698815334229
2229,0.03616039414989293
2230,0.0361538099603601
2231,0.03614723556823389
2232,0.03614067095703134
2233,0.03613411611029653
2234,0.036127571011600426
2235,0.0361210356445406
2236,0.0361145099927414
2237,0.036107994039853424
2238,0.03610148776955379
2239,0.03609499116554588
2240,0.036088504211559146
2241,0.036082026891349116
2242,0.03607555918869726
2243,0.03606910108741096
2244,0.036062652571322955
2245,0.036056213624292045
2246,0.03604978423020223
2247,0.0360433643729629
2248,0.03603695403650889
2249,0.03603055320480008
2250,0.036024161861821426
2251,0.03601777999158302
2252,0.036011407578119506
2253,0.03600504460549061
2254,0.03599869105778046
2255,0.035992346919098
2256,0.03598601217357643
2257,0.03597968680537357
2258,0.03597337079867129
2259,0.035967064137675586
2260,0.035960766806616945
2261,0.03595447878974932
2262,0.03594820007135092
2263,0.035941930635723665
2264,0.035935670467193176
2265,0.0359294195501086
2266,0.0359231778688429
2267,0.035916945407792084
2268,0.03591072215137587
2269,0.035904508084037
2270,0.03589830319024139
2271,0.035892107454478364
2272,0.03588592086125991
2273,0.03587974339512105
2274,0.03587357504061962
2275,0.03586741578233632
2276,0.035861265604874376
2277,0.03585512449285968
2278,0.03584899243094064
2279,0.035842869403788065
2280,0.03583675539609514
2281,0.03583065039257723
2282,0.03582455437797213
2283,0.03581846733703943
2284,0.03581238925456086
2285,0.0358063201153403
2286,0.03580025990420328
2287,0.035794208605997274
2288,0.035788166205591464
2289,0.03578213268787671
2290,0.035776108037765354
2291,0.03577009224019143
2292,0.0357640852801103
2293,0.03575808714249872
2294,0.03575209781235483
2295,0.03574611727469792
2296,0.03574014551456858
2297,0.03573418251702832
2298,0.03572822826715965
2299,0.035722282750066406
2300,0.035716345950873
2301,0.03571041785472478
2302,0.03570449844678785
2303,0.03569858771224905
2304,0.03569268563631586
2305,0.03568679220421646
2306,0.035680907401199224
2307,0.035675031212533306
2308,0.035669163623508214
2309,0.035663304619433685
2310,0.03565745418563979
2311,0.03565161230747672
2312,0.035645778970315074
2313,0.035639954159545364
2314,0.035634137860578084
2315,0.03562833005884393
2316,0.03562253073979346
2317,0.035616739888897096
2318,0.03561095749164489
2319,0.035605183533547115
2320,0.03559941800013329
2321,0.03559366087695283
2322,0.035587912149574796
2323,0.03558217180358776
2324,0.03557643982459968
2325,0.03557071619823813
2326,0.03556500091015006
2327,0.035559293946001706
2328,0.03555359529147872
2329,0.03554790493228577
2330,0.03554222285414709
2331,0.03553654904280602
2332,0.035530883484024584
2333,0.03552522616358429
2334,0.03551957706728559
2335,0.03551393618094792
2336,0.0355083034904096
2337,0.035502678981527716
2338,0.03549706264017847
2339,0.03549145445225653
2340,0.03548585440367562
2341,0.035480262480368126
2342,0.03547467866828489
2343,0.03546910295339565
2344,0.035463535321688486
2345,0.03545797575917015
2346,0.03545242425186596
2347,0.03544688078581958
2348,0.03544134534709329
2349,0.035435817921767344
2350,0.035430298495940836
2351,0.035424787055730815
2352,0.03541928358727268
2353,0.03541378807672024
2354,0.03540830051024538
2355,0.03540282087403808
2356,0.03539734915430651
2357,0.03539188533727695
2358,0.03538642940919371
2359,0.035380981356319056
2360,0.035375541164933307
2361,0.03537010882133483
2362,0.03536468431183966
2363,0.03535926762278197
2364,0.0353538587405136
2365,0.0353484576514044
2366,0.0353430643418417
2367,0.035337678798230854
2368,0.035332301006994915
2369,0.03532693095457453
2370,0.03532156862742809
2371,0.03531621401203151
2372,0.03531086709487839
2373,0.03530552786248001
2374,0.03530019630136496
2375,0.03529487239807943
2376,0.03528955613918714
2377,0.035284247511269476
2378,0.035278946500924876
2379,0.03527365309476926
2380,0.03526836727943616
2381,0.035263089041576184
2382,0.03525781836785753
2383,0.03525255524496542
2384,0.035247299659602764
2385,0.0352420515984891
2386,0.03523681104836173
2387,0.03523157799597487
2388,0.03522635242810013
2389,0.03522113433152606
2390,0.03521592369305838
2391,0.03521072049952002
2392,0.03520552473775091
2393,0.03520033639460813
2394,0.03519515545696566
2395,0.03518998191171447
2396,0.03518481574576274
2397,0.035179656946035386
2398,0.03517450549947449
2399,0.035169361393038834
2400,0.035164224613704324
2401,0.0351590951484635
2402,0.035153972984326064
2403,0.035148858108318394
2404,0.03514375050748367
2405,0.035138650168881916
2406,0.03513355707959009
2407,0.035128471226701596
2408,0.03512339259732696
2409,0.03511832117859325
2410,0.035113256957644036
2411,0.035108199921640146
2412,0.035103150057758485
2413,0.03509810735319305
2414,0.0350930717951542
2415,0.0350880433708692
2416,0.03508302206758169
2417,0.03507800787255199
2418,0.03507300077305698
2419,0.0350680007563901
2420,0.035063007809861456
2421,0.03505802192079747
2422,0.03505304307654126
2423,0.03504807126445238
2424,0.035043106471906865
2425,0.03503814868629725
2426,0.0350331978950325
2427,0.0350282540855381
2428,0.03502331724525575
2429,0.03501838736164383
2430,0.035013464422177065
2431,0.03500854841434635
2432,0.03500363932565913
2433,0.0349987371436392
2434,0.03499384185582685
2435,0.03498895344977835
2436,0.034984071913066746
2437,0.034979197233280974
2438,0.03497432939802642
2439,0.03496946839492482
2440,0.03496461421161421
2441,0.03495976683574883
2442,0.03495492625499912
2443,0.03495009245705177
2444,0.03494526542960985
2445,0.034940445160392505
2446,0.03493563163713506
2447,0.034930824847589186
2448,0.03492602477952265
2449,0.034921231420719366
2450,0.03491644475897945
2451,0.034911664782119246
2452,0.03490689147797108
2453,0.03490212483438357
2454,0.03489736483922142
2455,0.03489261148036532
2456,0.034887864745712316
2457,0.03488312462317535
2458,0.034878391100683574
2459,0.03487366416618211
2460,0.03486894380763229
2461,0.03486423001301127
2462,0.034859522770312616
2463,0.034854822067545706
2464,0.03485012789273585
2465,0.034845440233924656
2466,0.034840759079169656
2467,0.03483608441654431
2468,0.034831416234138136
2469,0.034826754520056714
2470,0.03482209926242156
2471,0.03481745044937013
2472,0.03481280806905587
2473,0.034808172109648323
2474,0.03480354255933288
2475,0.03479891940631076
2476,0.03479430263879941
2477,0.034789692245032
2478,0.034785088213257806
2479,0.03478049053174188
2480,0.03477589918876506
2481,0.03477131417262452
2482,0.03476673547163312
2483,0.03476216307411945
2484,0.03475759696842819
2485,0.03475303714291987
2486,0.03474848358597084
2487,0.03474393628597348
2488,0.03473939523133596
2489,0.03473486041048218
2490,0.034730331811852005
2491,0.03472580942390126
2492,0.03472129323510139
2493,0.03471678323393991
2494,0.034712279408919994
2495,0.034707781748560755
2496,0.03470329024139703
2497,0.03469880487597955
2498,0.03469432564087492
2499,0.03468985252466541
2500,0.0346853855159491
